{
  "ok": true,
  "num_valid_samples": 45,
  "method": "TSAI",
  "ee_T_cam": [
    [
      -0.704904619504747,
      0.7092674998239235,
      -0.0070065037207149294,
      -0.0228721276506653
    ],
    [
      0.014736689667650904,
      0.004768719025041168,
      -0.9998800374527433,
      0.04414199156953107
    ],
    [
      -0.7091490022403664,
      -0.7049233100220057,
      -0.013813747106127483,
      0.0703911044210187
    ],
    [
      0.0,
      0.0,
      0.0,
      1.0
    ]
  ],
  "base_T_board_mean": [
    [
      -0.009044499822975088,
      0.9997822919691378,
      -0.018803342465893602,
      -0.1558184888061796
    ],
    [
      0.9999524636260898,
      0.008974344628685849,
      -0.0038120370668826287,
      -0.6255715407235509
    ],
    [
      -0.0036424594803391996,
      -0.01883692659175168,
      -0.9998159344026838,
      -0.0010621777574941489
    ],
    [
      0.0,
      0.0,
      0.0,
      1.0
    ]
  ],
  "position_std_mm": [
    1.2186453344536763,
    0.8044675683776843,
    1.0461259249896548
  ],
  "rotation_error_deg_mean": 0.640258091933362,
  "rotation_error_deg_std": 0.33375495302748953
}