{
  "ok": true,
  "num_valid_samples": 45,
  "method": "TSAI",
  "ee_T_cam": [
    [
      -0.7109828950861299,
      0.7030404230348961,
      -0.015410596155232326,
      -0.02450114731211206
    ],
    [
      0.023628226069673464,
      0.001981395450245005,
      -0.9997188509800495,
      0.04643367441910086
    ],
    [
      -0.7028122294238667,
      -0.711147127991799,
      -0.018020336325113018,
      0.06516586543158573
    ],
    [
      0.0,
      0.0,
      0.0,
      1.0
    ]
  ],
  "base_T_board_mean": [
    [
      -0.9999844892154608,
      0.00536102757704629,
      -0.0015102025732184887,
      0.027212103958341168
    ],
    [
      0.005363952165407727,
      0.999983733616466,
      -0.0019392059303055265,
      -0.6301727719142501
    ],
    [
      0.0014997818712141897,
      -0.001947276506062967,
      -0.999996979379712,
      -0.0024382161863612936
    ],
    [
      0.0,
      0.0,
      0.0,
      1.0
    ]
  ],
  "position_std_mm": [
    1.4421938341422722,
    1.3965425663486624,
    0.8823974957549924
  ],
  "rotation_error_deg_mean": 0.7154473904588683,
  "rotation_error_deg_std": 0.3935529783030017
}