{
  "ok": true,
  "num_valid_samples": 45,
  "method": "TSAI",
  "ee_T_cam": [
    [
      -0.7060207385535571,
      0.7081758673326828,
      -0.004653779097927135,
      -0.021958140801196825
    ],
    [
      0.007422930891674395,
      0.0008290226932985423,
      -0.9999721060201385,
      0.04480681220491634
    ],
    [
      -0.7081522554008193,
      -0.7060355895059232,
      -0.0058420477365626056,
      0.06951031763543669
    ],
    [
      0.0,
      0.0,
      0.0,
      1.0
    ]
  ],
  "base_T_board_mean": [
    [
      0.0017773485341636029,
      -0.9998941354125909,
      -0.014441571926053175,
      0.03232156004140183
    ],
    [
      -0.9999839373807168,
      -0.0016994125392596733,
      -0.005407122856012728,
      -0.44250888915015785
    ],
    [
      0.005382008244764595,
      0.014450950298463515,
      -0.9998810949421557,
      -0.006767426675195934
    ],
    [
      0.0,
      0.0,
      0.0,
      1.0
    ]
  ],
  "position_std_mm": [
    1.081623391672485,
    0.4561157449135454,
    0.9794387578169577
  ],
  "rotation_error_deg_mean": 0.7155656938731004,
  "rotation_error_deg_std": 0.3294456796113975
}