{
  "ok": true,
  "num_valid_samples": 45,
  "method": "TSAI",
  "ee_T_cam": [
    [
      -0.7115210769775024,
      0.7026642247382323,
      -0.0008627223156866259,
      -0.023378179395257714
    ],
    [
      0.0006819249918407211,
      -0.0005372665530365417,
      -0.9999996231614072,
      0.04693296832514938
    ],
    [
      -0.7026644234590794,
      -0.7115213971608092,
      -9.688781928085533e-05,
      0.06661529475153474
    ],
    [
      0.0,
      0.0,
      0.0,
      1.0
    ]
  ],
  "base_T_board_mean": [
    [
      -0.9998029084726217,
      0.01742867265651081,
      -0.009507133065165041,
      0.014278991694644937
    ],
    [
      0.01746921953384177,
      0.9998385858473045,
      -0.004198644988634481,
      -0.6287853509398249
    ],
    [
      0.009432421670229063,
      -0.004363899665933507,
      -0.9999459914421078,
      -0.0022407482539486432
    ],
    [
      0.0,
      0.0,
      0.0,
      1.0
    ]
  ],
  "position_std_mm": [
    1.3110080393131862,
    0.8506819729852771,
    0.6978285694954386
  ],
  "rotation_error_deg_mean": 0.6077748795830709,
  "rotation_error_deg_std": 0.3821343651425039
}